{"cameraMode":{"drawMode":0,"name":"Shaded","section":"Shading Mode"},"sceneLighting":false,"audioPlay":false,"sceneViewState":{"m_AlwaysRefresh":false,"showFog":true,"showSkybox":false,"showFlares":true,"showImageEffects":true,"showParticleSystems":true,"showVisualEffectGraphs":true,"m_FxEnabled":true},"in2DMode":false,"pivot":{"x":0.052658870816230777,"y":-0.12678463757038117,"z":-0.36391669511795046},"rotation":{"x":0.188135027885437,"y":-0.7056291699409485,"z":0.2035224288702011,"w":0.6522504091262817},"size":2.247096538543701,"orthographic":false}