{"cameraMode":{"drawMode":0,"name":"Shaded","section":"Shading Mode"},"sceneLighting":true,"audioPlay":false,"sceneViewState":{"m_AlwaysRefresh":false,"showFog":true,"showSkybox":true,"showFlares":true,"showImageEffects":true,"showParticleSystems":true,"showVisualEffectGraphs":true,"m_FxEnabled":true},"in2DMode":false,"pivot":{"x":-6.648596286773682,"y":2.8013505935668947,"z":5.142582893371582},"rotation":{"x":0.2773723304271698,"y":0.18898211419582368,"z":-0.055743198841810229,"w":0.9404292702674866},"size":6.534193515777588,"orthographic":false}