{"cameraMode":{"drawMode":0,"name":"Shaded","section":"Shading Mode"},"sceneLighting":true,"audioPlay":false,"sceneViewState":{"m_AlwaysRefresh":false,"showFog":true,"showSkybox":true,"showFlares":true,"showImageEffects":true,"showParticleSystems":true,"showVisualEffectGraphs":true,"m_FxEnabled":true},"in2DMode":false,"pivot":{"x":-1.2728369235992432,"y":-21.093210220336915,"z":21.044055938720704},"rotation":{"x":-0.36787697672843935,"y":-0.021754033863544465,"z":0.00863000936806202,"w":-0.9296426773071289},"size":37.889564514160159,"orthographic":false}