{"cameraMode":{"drawMode":0,"name":"Shaded","section":"Shading Mode"},"sceneLighting":false,"audioPlay":false,"sceneViewState":{"m_AlwaysRefresh":false,"showFog":true,"showSkybox":false,"showFlares":true,"showImageEffects":true,"showParticleSystems":true,"showVisualEffectGraphs":true,"m_FxEnabled":true},"in2DMode":false,"pivot":{"x":-0.05239349603652954,"y":1.2197186946868897,"z":-0.11226755380630493},"rotation":{"x":0.26846715807914736,"y":0.014751200564205647,"z":-0.004112159833312035,"w":0.9632529616355896},"size":1.2920899391174317,"orthographic":false}