{"cameraMode":{"drawMode":0,"name":"Shaded","section":"Shading Mode"},"sceneLighting":false,"audioPlay":false,"sceneViewState":{"m_AlwaysRefresh":false,"showFog":true,"showSkybox":false,"showFlares":true,"showImageEffects":true,"showParticleSystems":true,"showVisualEffectGraphs":true,"m_FxEnabled":true},"in2DMode":false,"pivot":{"x":0.01563616469502449,"y":0.01075124740600586,"z":0.3894325792789459},"rotation":{"x":0.22201327979564668,"y":0.6077795028686523,"z":-0.18224197626113892,"w":0.7404490113258362},"size":0.416277140378952,"orthographic":false}