{"cameraMode":{"drawMode":0,"name":"Shaded","section":"Shading Mode"},"sceneLighting":false,"audioPlay":false,"sceneViewState":{"m_AlwaysRefresh":false,"showFog":true,"showSkybox":false,"showFlares":true,"showImageEffects":true,"showParticleSystems":true,"showVisualEffectGraphs":true,"m_FxEnabled":true},"in2DMode":false,"pivot":{"x":35.266021728515628,"y":1.3986923694610596,"z":27.852874755859376},"rotation":{"x":0.44045424461364748,"y":0.02855624631047249,"z":-0.014014584943652153,"w":0.8973067402839661},"size":2.493103265762329,"orthographic":false}